행정동,상권활성화지수,상권활성화_SNS,젠트리피케이션지수,젠트리피케이션_SNS,클러스터,시,구,동,합산지수
서울특별시 송파구 가락1동,5.733687596126218,1.3769178864021216,1.884093565537552,0.6183111660995978,위험_균형진행형,서울특별시,송파구,가락1동,9.61301021416549
서울특별시 송파구 가락2동,4.437889891624479,0.0,0.2344082960038763,0.0,주의,서울특별시,송파구,가락2동,4.672298187628356
서울특별시 송파구 가락본동,4.449955596964598,0.0,-0.3274730690571399,0.0,주의,서울특별시,송파구,가락본동,4.122482527907458
서울특별시 구로구 가리봉동,4.006997511078088,0.2735519888346127,0.4666231524584254,0.3657593566347045,경계,서울특별시,구로구,가리봉동,5.112932009005832
서울특별시 금천구 가산동,6.258861177563685,2.511262617143477,0.0118142161765723,0.8447262604392205,위험_균형진행형,서울특별시,금천구,가산동,9.626664271322957
서울특별시 강서구 가양1동,4.308008343999443,0.0,-0.178787853464805,0.0,주의,서울특별시,강서구,가양1동,4.129220490534638
서울특별시 종로구 가회동,5.051165780021974,0.6374117223257614,0.3496585423152067,0.2264150943396226,위험_균형진행형,서울특별시,종로구,가회동,6.264651139002565
서울특별시 은평구 갈현1동,4.468417009050737,0.7240167474894367,0.0343905076347038,0.2264150943396226,경계,서울특별시,은평구,갈현1동,5.4532393585145
서울특별시 은평구 갈현2동,3.7205756816237208,0.0,0.3171676891988607,0.0,주의,서울특별시,은평구,갈현2동,4.037743370822581
서울특별시 강동구 강일동,2.629798936766599,0.0911839962782042,-0.1973054101528911,0.0,일반,서울특별시,강동구,강일동,2.523677522891912
서울특별시 구로구 개봉1동,3.7831678730886487,0.0,0.6198926658086795,0.0,주의,서울특별시,구로구,개봉1동,4.4030605388973285
서울특별시 구로구 개봉2동,3.9652215606490095,0.0,0.7504079833631377,0.0,주의,서울특별시,구로구,개봉2동,4.715629544012147
서울특별시 구로구 개봉3동,3.036664227305832,0.6428669450619586,-0.723696640713388,0.2264150943396226,일반,서울특별시,구로구,개봉3동,3.182249625994025
서울특별시 강남구 개포2동,3.812732358381113,1.0887527326022537,0.389400066406723,0.6183111660995978,경계,서울특별시,강남구,개포2동,5.909196323489687
서울특별시 강남구 개포4동,3.887289570166669,0.0,-0.2292974289540761,0.0,일반,서울특별시,강남구,개포4동,3.657992141212593
서울특별시 송파구 거여1동,3.601071878583568,0.0,1.2383907056903534,0.0,경계,서울특별시,송파구,거여1동,4.839462584273921
서울특별시 송파구 거여2동,4.065050283477209,0.2835861826853389,0.2565983394051909,0.1132075471698113,주의,서울특별시,송파구,거여2동,4.718442352737549
서울특별시 강동구 고덕1동,2.736320711444816,0.0,1.2904062901562088,0.0,주의,서울특별시,강동구,고덕1동,4.026727001601024
서울특별시 강동구 고덕2동,3.537840834829611,1.386952080252848,3.552282940815492,0.2264150943396226,위험_젠트리피케이션과열형,서울특별시,강동구,고덕2동,8.703490950237573
서울특별시 구로구 고척1동,4.128033677657735,0.5872407530721303,1.0561312126554427,0.1393442622950819,경계,서울특별시,구로구,고척1동,5.910749905680389
서울특별시 구로구 고척2동,3.395018891505446,0.0,0.2218934072106016,0.0,일반,서울특별시,구로구,고척2동,3.616912298716048
서울특별시 마포구 공덕동,4.259534772394437,1.2547550569500707,0.0714539740570066,0.6183111660995978,경계,서울특별시,마포구,공덕동,6.204054969501112
서울특별시 노원구 공릉1동,3.796168565641873,0.0,0.2894463986567765,0.0,주의,서울특별시,노원구,공릉1동,4.0856149642986495
서울특별시 노원구 공릉2동,4.193415244382322,0.0,-0.7290174872312427,0.0,일반,서울특별시,노원구,공릉2동,3.46439775715108
서울특별시 강서구 공항동,3.774093725768254,0.1367759944173063,-0.0098607521335983,0.0,일반,서울특별시,강서구,공항동,3.901008968051962
서울특별시 광진구 광장동,3.4767165198024053,0.865371713021272,-0.0550072656890954,0.1132075471698113,주의,서울특별시,광진구,광장동,4.400288514304393
서울특별시 중구 광희동,5.45174834026103,0.1367759944173063,0.7154300005359573,0.0,위험_균형진행형,서울특별시,중구,광희동,6.303954335214294
서울특별시 종로구 교남동,5.391203213983294,0.0,0.1289750206286523,0.1132075471698113,경계,서울특별시,종로구,교남동,5.633385781781758
서울특별시 구로구 구로2동,3.587821885288922,0.0,0.650010640219505,0.0,주의,서울특별시,구로구,구로2동,4.237832525508427
서울특별시 구로구 구로3동,5.000175946690828,0.0,0.1858426687154342,0.0,경계,서울특별시,구로구,구로3동,5.186018615406263
서울특별시 구로구 구로4동,3.7436212965281808,0.0,-0.2423573842736478,0.0,일반,서울특별시,구로구,구로4동,3.501263912254533
서울특별시 구로구 구로5동,4.421464840075363,1.842872061643869,0.3372042392830806,0.2264150943396226,위험_균형진행형,서울특별시,구로구,구로5동,6.827956235341936
서울특별시 은평구 구산동,3.096517356198137,0.1367759944173063,0.2989491762624763,0.0,일반,서울특별시,은평구,구산동,3.53224252687792
서울특별시 광진구 구의1동,4.463811052364328,0.0,-0.1916710775632789,0.0,주의,서울특별시,광진구,구의1동,4.272139974801049
서울특별시 광진구 구의2동,3.5493938588314418,1.508238658083231,-0.340729824145767,0.0,주의,서울특별시,광진구,구의2동,4.7169026927689055
서울특별시 광진구 구의3동,4.118783769923735,0.0,0.2629991876404914,0.0,주의,서울특별시,광진구,구의3동,4.381782957564226
서울특별시 광진구 군자동,5.456920607147314,0.6127643635097799,-0.0490767443295836,0.0,경계,서울특별시,광진구,군자동,6.020608226327511
서울특별시 성동구 금호1가동,3.278903820242131,1.3614284698151984,-0.3862871613579397,0.8185895453139498,경계,서울특별시,성동구,금호1가동,5.072634674013339
서울특별시 성동구 금호4가동,3.836159850814292,0.0,-0.5353954713502758,0.0,일반,서울특별시,성동구,금호4가동,3.300764379464016
서울특별시 강동구 길동,4.085209336652258,3.376634330164749,0.0221700675533971,1.410763996288277,위험_균형진행형,서울특별시,강동구,길동,8.894777730658681
서울특별시 성북구 길음1동,3.224057982078394,0.0,0.3181065678114647,0.0,일반,서울특별시,성북구,길음1동,3.542164549889858
서울특별시 성북구 길음2동,3.662138289889576,0.0,0.6261334094084599,0.0,주의,서울특별시,성북구,길음2동,4.288271699298036
서울특별시 관악구 낙성대동,5.257891066680342,0.0455919981391021,0.2359610760715975,0.0,경계,서울특별시,관악구,낙성대동,5.5394441408910415
서울특별시 관악구 난곡동,3.7446465494393455,0.3237229580882438,-0.3863795024370907,0.1132075471698113,일반,서울특별시,관악구,난곡동,3.79519755226031
서울특별시 관악구 난향동,3.458340342768055,0.0,0.7662441381800572,0.0,주의,서울특별시,관악구,난향동,4.224584480948113
서울특별시 서대문구 남가좌1동,3.777772517299484,0.0,1.3854918960951454,0.0,경계,서울특별시,서대문구,남가좌1동,5.1632644133946295
서울특별시 서대문구 남가좌2동,4.018451790472055,0.2024363802578609,0.7167449020234262,0.0,경계,서울특별시,서대문구,남가좌2동,4.937633072753342
서울특별시 용산구 남영동,7.083960819568009,1.4270888556557528,0.1438022485474727,0.2525518094648932,위험_상권발달형,서울특별시,용산구,남영동,8.907403733236128
서울특별시 관악구 남현동,4.461966400256694,0.3036545703867913,0.3452649987091302,0.0,경계,서울특별시,관악구,남현동,5.110885969352615
서울특별시 서초구 내곡동,2.854866397924276,0.2680967660984155,0.4795681634952909,0.1132075471698113,일반,서울특별시,서초구,내곡동,3.7157388746877937
서울특별시 동작구 노량진1동,11.210308889202611,0.0,-0.0595132080184728,0.0,위험_상권발달형,서울특별시,동작구,노량진1동,11.15079568118414
서울특별시 동작구 노량진2동,4.228432803889319,0.0,-0.3177525757896107,0.0,일반,서울특별시,동작구,노량진2동,3.9106802280997086
서울특별시 은평구 녹번동,3.620910655061557,0.0,0.8683022109672125,0.0,주의,서울특별시,은평구,녹번동,4.489212866028769
서울특별시 강남구 논현1동,7.266498022401732,0.0,0.0417336349307324,0.0,위험_상권발달형,서울특별시,강남구,논현1동,7.308231657332465
서울특별시 강남구 논현2동,6.379241678756183,6.454193061057237,-0.0985945274490607,2.177080111351686,위험_균형진행형,서울특별시,강남구,논현2동,14.911920323716046
서울특별시 광진구 능동,4.360008125242899,3.331918583647316,0.2708446806774116,0.5660377358490566,위험_균형진행형,서울특별시,광진구,능동,8.528809125416684
서울특별시 중구 다산동,4.791859617087493,0.7240167474894367,-0.1781193585963482,0.0,경계,서울특별시,중구,다산동,5.337757005980581
서울특별시 동대문구 답십리1동,3.39887324229612,0.0,0.0904526379766039,0.0,일반,서울특별시,동대문구,답십리1동,3.489325880272724
서울특별시 동대문구 답십리2동,3.374877188247837,0.0556261919898283,1.0455451195413437,0.0,주의,서울특별시,동대문구,답십리2동,4.47604849977901
서울특별시 영등포구 당산1동,5.213873688794381,0.0455919981391021,0.9752432689340405,0.0,위험_균형진행형,서울특별시,영등포구,당산1동,6.234708955867523
서울특별시 영등포구 당산2동,4.753595591374049,0.0,-0.1994620405398409,0.0,주의,서울특별시,영등포구,당산2동,4.554133550834208
서울특별시 영등포구 대림1동,3.748153850691791,0.0,0.2765803478867518,0.0,주의,서울특별시,영등포구,대림1동,4.024734198578543
서울특별시 영등포구 대림2동,3.6539881411595294,0.0,-0.2936192331042537,0.0,일반,서울특별시,영등포구,대림2동,3.360368908055276
서울특별시 영등포구 대림3동,4.065065829077241,0.0,-0.4243719294783025,0.0,일반,서울특별시,영등포구,대림3동,3.640693899598938
서울특별시 동작구 대방동,4.147248261010563,0.3747701789635432,0.0801063702367261,0.0,주의,서울특별시,동작구,대방동,4.6021248102108325
서울특별시 은평구 대조동,3.905575790094751,0.5161251444953785,0.3574917812033132,0.0,주의,서울특별시,은평구,대조동,4.779192715793442
서울특별시 강남구 대치1동,4.994399306691386,6.675821577394882,0.3460551547713316,3.8753479740179406,위험_관심집중형,서울특별시,강남구,대치1동,15.89162401287554
서울특별시 강남구 대치2동,9.047546027070563,0.0,-0.2974245088644714,0.0,위험_상권발달형,서울특별시,강남구,대치2동,8.750121518206091
서울특별시 강남구 대치4동,6.026673409216206,0.0,0.1049130853343867,0.0,경계,서울특별시,강남구,대치4동,6.131586494550593
서울특별시 관악구 대학동,5.084237078431762,0.5717513364852069,0.0321137358845459,0.0,경계,서울특별시,관악구,대학동,5.688102150801515
서울특별시 마포구 대흥동,4.769674893403286,0.6073091407735828,0.1259620800011897,1.1234147850293843,위험_균형진행형,서울특별시,마포구,대흥동,6.626360899207443
서울특별시 서초구 도곡1동,5.125192045057052,0.0,0.0293916138246266,0.0,경계,서울특별시,서초구,도곡1동,5.154583658881678
서울특별시 강남구 도곡2동,5.328261895150561,1.979648056061176,1.1518053493012184,0.2264150943396226,위험_균형진행형,서울특별시,강남구,도곡2동,8.68613039485258
서울특별시 영등포구 도림동,3.5321362800515583,0.4203621771026452,0.6676327990981096,0.1132075471698113,주의,서울특별시,영등포구,도림동,4.733338803422125
서울특별시 도봉구 도봉1동,3.2989069670758497,0.0,0.0201158187044419,0.0,일반,서울특별시,도봉구,도봉1동,3.319022785780292
서울특별시 도봉구 도봉2동,2.700176140840914,0.0556261919898283,0.3681390713143959,0.0,일반,서울특별시,도봉구,도봉2동,3.123941404145138
서울특별시 마포구 도화동,5.31903854106679,0.5972749469228567,-0.0005539948683462,0.0,경계,서울특별시,마포구,도화동,5.915759493121302
서울특별시 금천구 독산1동,4.939319744488287,1.023092346761699,0.6047981701376856,0.2264150943396226,위험_균형진행형,서울특별시,금천구,독산1동,6.793625355727294
서울특별시 금천구 독산2동,3.678469108279251,0.0,0.7221321516417648,0.0,주의,서울특별시,금천구,독산2동,4.400601259921016
서울특별시 금천구 독산3동,3.7088729238389577,0.0,-0.570164838420631,0.0,일반,서울특별시,금천구,독산3동,3.138708085418327
서울특별시 금천구 독산4동,3.6180679745564346,0.0,-0.3126522703339384,0.0,일반,서울특별시,금천구,독산4동,3.3054157042224963
서울특별시 성북구 동선동,5.143287017024326,0.4860225629431999,-0.3733738958485069,0.2525518094648932,경계,서울특별시,성북구,동선동,5.508487493583911
서울특별시 중구 동화동,4.21116372949261,0.0556261919898283,-0.1890422686921487,0.0,주의,서울특별시,중구,동화동,4.07774765279029
서울특별시 강동구 둔촌2동,3.141068843485679,1.301223306710841,-0.1524529012916981,0.5051036189297865,경계,서울특별시,강동구,둔촌2동,4.794942867834608
서울특별시 강서구 등촌1동,4.486629549712596,0.0,0.3119341992676188,0.0,경계,서울특별시,강서구,등촌1동,4.798563748980214
서울특별시 강서구 등촌2동,3.478708586010129,1.2911891128601145,-1.2699729893416667,0.7924528301886793,주의,서울특별시,강서구,등촌2동,4.292377539717256
서울특별시 강서구 등촌3동,4.14479593334494,0.0,0.2565140688461417,0.0,주의,서울특별시,강서구,등촌3동,4.401310002191082
서울특별시 성동구 마장동,3.8498419818307146,1.5027834353470335,0.6635922735214645,0.2525518094648932,위험_균형진행형,서울특별시,성동구,마장동,6.2687695001641055
서울특별시 송파구 마천1동,3.4570152138080115,0.1112523839796567,0.0201544360629119,0.0,일반,서울특별시,송파구,마천1동,3.58842203385058
서울특별시 송파구 마천2동,3.507934010176368,0.0,-0.1308371787670186,0.0,일반,서울특별시,송파구,마천2동,3.377096831409349
서울특별시 중랑구 망우3동,3.381433457813384,0.4759883690924736,0.0894846286751008,0.2264150943396226,주의,서울특별시,중랑구,망우3동,4.173321549920582
서울특별시 중랑구 망우본동,3.3693712913203155,0.0,-0.1396020518800997,0.0,일반,서울특별시,중랑구,망우본동,3.229769239440216
서울특별시 마포구 망원1동,4.972886561122015,0.0,0.1818605569215457,0.0,경계,서울특별시,마포구,망원1동,5.154747118043561
서울특별시 마포구 망원2동,4.384172126353461,0.0,0.57189751727086,0.0,경계,서울특별시,마포구,망원2동,4.956069643624321
서울특별시 중랑구 면목2동,3.557693169077416,0.0,-0.0253225235536245,0.0,일반,서울특별시,중랑구,면목2동,3.5323706455237915
서울특별시 중랑구 면목4동,3.132765271601216,0.0,0.8844890539486617,0.0,주의,서울특별시,중랑구,면목4동,4.017254325549878
서울특별시 중랑구 면목5동,3.647555091907526,0.0,1.160152807941471,0.0,경계,서울특별시,중랑구,면목5동,4.807707899848997
서울특별시 중랑구 면목7동,3.332066765964391,0.0,-0.400417193512956,0.0,일반,서울특별시,중랑구,면목7동,2.9316495724514358
서울특별시 중랑구 면목본동,3.798045443918909,0.0,-0.0914543686705426,0.0,일반,서울특별시,중랑구,면목본동,3.706591075248366
서울특별시 중구 명동,9.836899510647434,12.745743925131087,0.0993333653566838,8.858929786575924,위험_관심집중형,서울특별시,중구,명동,31.54090658771113
서울특별시 강동구 명일1동,3.889119497873372,0.5471039776692254,-0.6819163627602781,0.0,일반,서울특별시,강동구,명일1동,3.7543071127823193
서울특별시 강동구 명일2동,4.185986925581474,0.0,0.7556794280715762,0.0,경계,서울특별시,강동구,명일2동,4.9416663536530505
서울특별시 양천구 목1동,3.464257851963421,9.930293078107582,0.0596411846690512,3.457315187132694,위험_관심집중형,서울특별시,양천구,목1동,16.911507301872746
서울특별시 양천구 목2동,3.964552925735493,0.0,0.0017036398817281,0.0,일반,서울특별시,양천구,목2동,3.966256565617221
서울특별시 양천구 목3동,4.197615869349913,0.0,0.1749838031111717,0.0,주의,서울특별시,양천구,목3동,4.372599672461084
서울특별시 양천구 목4동,3.340191553272837,0.0,-0.0641965095464828,0.0,일반,서울특별시,양천구,목4동,3.275995043726354
서울특별시 중랑구 묵1동,3.414085595911991,0.1924021864071346,-0.2934043066185077,0.1132075471698113,일반,서울특별시,중랑구,묵1동,3.426291022870429
서울특별시 중랑구 묵2동,3.6032919136560526,0.0,0.0053442430605517,0.0,일반,서울특별시,중랑구,묵2동,3.608636156716604
서울특별시 영등포구 문래동,5.147073071530043,4.687891830726317,1.2910634671828771,8.424212805443858,위험_관심집중형,서울특별시,영등포구,문래동,19.55024117488309
서울특별시 송파구 문정1동,4.313029933760681,0.0,0.235186763804242,0.0,주의,서울특별시,송파구,문정1동,4.548216697564922
서울특별시 송파구 문정2동,4.786919765225263,1.3212916944122934,0.2086288889595433,0.9317970924837612,위험_균형진행형,서울특별시,송파구,문정2동,7.248637441080861
서울특별시 관악구 미성동,3.679346130441857,0.1012181901289304,0.9513953159012632,0.0,주의,서울특별시,관악구,미성동,4.731959636472051
서울특별시 강북구 미아동,4.009172193268527,1.4827150476455813,0.7532326395977174,0.0,위험_균형진행형,서울특별시,강북구,미아동,6.245119880511826
서울특별시 서초구 반포1동,5.616375168628008,0.0,0.0240267819406621,0.0,경계,서울특별시,서초구,반포1동,5.64040195056867
서울특별시 서초구 반포4동,5.2645828654452576,2.038976967543865,-0.3756043850953634,1.1495515001546552,위험_균형진행형,서울특별시,서초구,반포4동,8.077506948048413
서울특별시 서초구 반포본동,4.198840524005714,0.0,1.5945938661101613,0.0,경계,서울특별시,서초구,반포본동,5.793434390115875
서울특별시 강서구 발산1동,3.815020038302997,0.5115461733808495,-0.5887643547237207,0.2264150943396226,일반,서울특별시,강서구,발산1동,3.964216951299748
서울특별시 서초구 방배1동,5.188074260047862,2.667230747640568,0.3537031121208587,1.071141354778843,위험_균형진행형,서울특별시,서초구,방배1동,9.280149474588132
서울특별시 서초구 방배2동,5.554037853361892,0.0,0.6800290103997132,0.0,경계,서울특별시,서초구,방배2동,6.234066863761606
서울특별시 서초구 방배4동,4.541195376186582,0.0,0.4374419310541373,0.0,경계,서울특별시,서초구,방배4동,4.97863730724072
서울특별시 서초구 방배본동,4.338379191318838,0.0,0.1972727344396038,0.0,주의,서울특별시,서초구,방배본동,4.535651925758442
서울특별시 송파구 방이1동,4.280867814568307,4.025832749584573,0.3996265976471148,1.018867924528302,위험_균형진행형,서울특별시,송파구,방이1동,9.725195086328297
서울특별시 송파구 방이2동,8.01448670748934,0.0,0.6134643657509979,0.0,위험_상권발달형,서울특별시,송파구,방이2동,8.627951073240338
서울특별시 도봉구 방학1동,3.323702839593613,0.1112523839796567,0.3331925710867408,0.0,일반,서울특별시,도봉구,방학1동,3.7681477946600106
서울특별시 도봉구 방학2동,3.0601372123040327,0.0,-0.0782891760054183,0.0,일반,서울특별시,도봉구,방학2동,2.981848036298614
서울특별시 강서구 방화1동,3.406386337409625,0.0,0.0274142228959427,0.0,일반,서울특별시,강서구,방화1동,3.433800560305568
서울특별시 강서구 방화2동,3.378214310923801,0.0,1.476467576799548,0.0,경계,서울특별시,강서구,방화2동,4.854681887723349
서울특별시 강서구 방화3동,3.842782074591121,1.3112575005615672,0.1152450989930305,0.0,경계,서울특별시,강서구,방화3동,5.269284674145719
서울특별시 강북구 번1동,3.476904331112687,0.0,-0.5380393624018475,0.0,일반,서울특별시,강북구,번1동,2.9388649687108392
서울특별시 용산구 보광동,4.434903087614417,0.2580625722476892,-0.0803425020586499,0.2264150943396226,경계,서울특별시,용산구,보광동,4.839038252143079
서울특별시 관악구 보라매동,4.076228378264656,0.2024363802578609,0.4396935802277839,0.0,주의,서울특별시,관악구,보라매동,4.718358338750301
서울특별시 성북구 보문동,3.715436600483484,0.2379941845462367,-0.1105573719656648,0.3396226415094339,주의,서울특별시,성북구,보문동,4.182496054573489
서울특별시 종로구 부암동,2.802815292387141,0.9063847400458452,0.0173519950399672,0.4528301886792453,주의,서울특별시,종로구,부암동,4.179382216152199
서울특별시 서대문구 북가좌2동,3.6969667655436846,0.329178180824441,0.1571968252513083,0.0,주의,서울특별시,서대문구,북가좌2동,4.1833417716194345
서울특별시 서대문구 북아현동,3.822284669046166,0.0,1.0490797762734303,0.0,경계,서울특별시,서대문구,북아현동,4.871364445319596
서울특별시 은평구 불광1동,4.203929716335181,0.0,0.5463109076436983,0.0,주의,서울특별시,은평구,불광1동,4.750240623978879
서울특별시 은평구 불광2동,3.407510308063705,0.8808611296081954,0.1927631783846264,0.1132075471698113,주의,서울특별시,은평구,불광2동,4.594342163226338
서울특별시 성동구 사근동,5.548044618185699,0.0,0.971598520120445,0.0,위험_균형진행형,서울특별시,성동구,사근동,6.519643138306144
서울특별시 동작구 사당1동,5.11336351309508,0.0,0.8548384812933267,0.0,경계,서울특별시,동작구,사당1동,5.968201994388407
서울특별시 동작구 사당2동,4.650322997259911,0.0,0.0916500747320738,0.0,주의,서울특별시,동작구,사당2동,4.741973071991985
서울특별시 동작구 사당3동,3.3404293384974784,0.0,1.6833514156798948,0.0,경계,서울특별시,동작구,사당3동,5.023780754177373
서울특별시 동작구 사당4동,4.34066385879374,0.0556261919898283,0.579938859120767,0.0,경계,서울특별시,동작구,사당4동,4.976228909904336
서울특별시 종로구 사직동,4.530496637166662,0.3191439869737149,0.6385373359419131,0.5921744509743272,경계,서울특별시,종로구,사직동,6.080352411056617
서울특별시 강북구 삼각산동,3.4085169779448385,0.0,1.0751220118436295,0.0,주의,서울특별시,강북구,삼각산동,4.483638989788468
서울특별시 성북구 삼선동,4.586136304003604,0.1468101882680325,0.5259591065083282,0.0,경계,서울특별시,성북구,삼선동,5.258905598779965
서울특별시 강남구 삼성1동,7.003121408273008,0.0,-0.3249161272987998,0.0,위험_상권발달형,서울특별시,강남구,삼성1동,6.6782052809742085
서울특별시 강남구 삼성2동,4.425823301309788,0.0,0.0346632916939963,0.0,주의,서울특별시,강남구,삼성2동,4.460486593003784
서울특별시 관악구 삼성동,6.344367373931156,8.216989284901484,-0.1510008365992277,3.6837302814723167,위험_관심집중형,서울특별시,관악구,삼성동,18.09408610370573
서울특별시 강북구 삼양동,3.358565301775365,0.248028378396963,0.1290713676688404,0.0,일반,서울특별시,강북구,삼양동,3.735665047841168
서울특별시 송파구 삼전동,4.901588849263971,0.4960567567939261,0.8961728188754229,0.1132075471698113,위험_균형진행형,서울특별시,송파구,삼전동,6.407025972103131
서울특별시 종로구 삼청동,5.552280088421515,7.677737411988501,0.0078896152195523,1.7765233529229816,위험_균형진행형,서울특별시,종로구,삼청동,15.01443046855255
서울특별시 노원구 상계1동,3.5186750027598186,0.0,0.0228530615258658,0.0,일반,서울특별시,노원구,상계1동,3.5415280642856843
서울특별시 노원구 상계2동,4.875659355267214,0.0,-0.0539422184263315,0.0,경계,서울특별시,노원구,상계2동,4.821717136840882
서울특별시 노원구 상계5동,3.3398629247742906,0.0,0.7074785646103772,0.0,주의,서울특별시,노원구,상계5동,4.047341489384667
서울특별시 노원구 상계9동,4.04159429610357,0.0,1.8320525479128555,0.0,경계,서울특별시,노원구,상계9동,5.873646844016426
서울특별시 동작구 상도1동,4.639549534161619,1.7671774819525885,0.4485804818847448,0.3396226415094339,위험_균형진행형,서울특별시,동작구,상도1동,7.194930139508386
서울특별시 동작구 상도2동,3.933847521546099,0.0,1.0285579501388622,0.0,경계,서울특별시,동작구,상도2동,4.962405471684961
서울특별시 동작구 상도3동,3.9036572234042106,0.0,-0.5139180854676286,0.0,일반,서울특별시,동작구,상도3동,3.3897391379365818
서울특별시 동작구 상도4동,3.6544290225548015,0.0,0.4866769030092162,0.0,주의,서울특별시,동작구,상도4동,4.141105925564018
서울특별시 중랑구 상봉1동,3.335805967429145,0.7495403579270865,-0.688500648339257,0.1132075471698113,일반,서울특별시,중랑구,상봉1동,3.510053224186786
서울특별시 중랑구 상봉2동,4.702122887246722,0.0,-0.2658009265451436,0.0,주의,서울특별시,중랑구,상봉2동,4.436321960701578
서울특별시 마포구 상암동,4.977750281367939,4.214729929505037,-0.1891405396071335,1.854933498298794,위험_균형진행형,서울특별시,마포구,상암동,10.858273169564637
서울특별시 강동구 상일동,3.327092630665497,0.4048727605157218,-0.2085018549956765,0.3657593566347045,일반,서울특별시,강동구,상일동,3.889222892820247
서울특별시 마포구 서강동,4.916054788652232,0.0,0.0567839263972251,0.0,경계,서울특별시,마포구,서강동,4.972838715049457
서울특별시 마포구 서교동,7.396443627073243,4.5447843619511445,0.1614444409933,3.988555521187752,위험_관심집중형,서울특별시,마포구,서교동,16.09122795120544
서울특별시 관악구 서림동,4.501246539538124,0.1568443821187587,0.3290018567288822,0.0,경계,서울특별시,관악구,서림동,4.987092778385764
서울특별시 용산구 서빙고동,3.129189994494115,0.1012181901289304,-0.3969987267311669,0.0,일반,서울특별시,용산구,서빙고동,2.8334094578918783
서울특별시 관악구 서원동,6.569835496813656,0.4759883690924736,0.3244173220637547,0.0,위험_상권발달형,서울특별시,관악구,서원동,7.370241187969885
서울특별시 서초구 서초1동,5.758215769833762,0.0,0.3675325976310908,0.0,경계,서울특별시,서초구,서초1동,6.125748367464853
서울특별시 서초구 서초2동,8.297142661106587,0.0,0.347779285781632,0.0,위험_상권발달형,서울특별시,서초구,서초2동,8.64492194688822
서울특별시 서초구 서초3동,5.755407959327704,0.0,0.2490626493897429,0.0,경계,서울특별시,서초구,서초3동,6.004470608717448
서울특별시 성북구 석관동,3.618428092478354,0.5872407530721303,0.1988490828546509,0.0,주의,서울특별시,성북구,석관동,4.404517928405135
서울특별시 송파구 석촌동,4.921454189718124,1.0276713178762282,-0.4688435110031595,0.0,경계,서울특별시,송파구,석촌동,5.480281996591192
서울특별시 강동구 성내1동,3.861987254769334,0.0,-0.3069593204209324,0.0,일반,서울특별시,강동구,성내1동,3.5550279343484017
서울특별시 강동구 성내2동,4.201248230049307,0.0,0.5410633323163053,0.0,주의,서울특별시,강동구,성내2동,4.742311562365613
서울특별시 강동구 성내3동,4.041606643203435,1.43254407839195,-0.0714250702289282,0.6792452830188679,경계,서울특별시,강동구,성내3동,6.081970934385325
서울특별시 성북구 성북동,3.334420629365511,2.394555010427624,0.0148628554801255,0.3657593566347045,경계,서울특별시,성북구,성북동,6.109597851907965
서울특별시 마포구 성산1동,4.279512691466283,0.329178180824441,0.6527248760187964,0.3657593566347045,경계,서울특별시,마포구,성산1동,5.627175104944225
서울특별시 마포구 성산2동,4.265287130352073,0.0,0.7646199416759671,0.0,경계,서울특별시,마포구,성산2동,5.02990707202804
서울특별시 성동구 성수1가1동,4.661945013700399,0.0,0.3527141092696816,0.1393442622950819,경계,서울특별시,성동구,성수1가1동,5.154003385265163
서울특별시 성동구 성수1가2동,5.987093936667193,0.0,1.5662729464349252,0.0,위험_균형진행형,서울특별시,성동구,성수1가2동,7.553366883102118
서울특별시 성동구 성수2가1동,5.9141551486835775,0.0,1.7545277783771012,0.0,위험_균형진행형,서울특별시,성동구,성수2가1동,7.6686829270606784
서울특별시 성동구 성수2가3동,5.773865067387229,0.2124705741085871,0.541366498325436,0.6183111660995978,위험_균형진행형,서울특별시,성동구,성수2가3동,7.1460133059208495
서울특별시 관악구 성현동,2.733991897042214,0.0455919981391021,-0.9148930554748568,0.0,일반,서울특별시,관악구,성현동,1.8646908397064592
서울특별시 강남구 세곡동,3.213085544564446,0.1823679925564084,0.1382382770059263,0.0,일반,서울특별시,강남구,세곡동,3.533691814126781
서울특별시 중구 소공동,9.158582392496282,1.5584096273368622,0.2596921492985639,0.1393442622950819,위험_상권발달형,서울특별시,중구,소공동,11.11602843142679
서울특별시 성동구 송정동,3.927693414903159,1.022216095140031,0.1316394271592877,1.436900711413548,위험_균형진행형,서울특별시,성동구,송정동,6.518449648616026
서울특별시 강북구 송중동,4.387060481656699,0.0455919981391021,-0.1992748451247139,0.0,주의,서울특별시,강북구,송중동,4.233377634671087
서울특별시 강북구 송천동,3.115237391405845,0.5471039776692254,-0.4873904926483516,0.0,일반,서울특별시,강북구,송천동,3.174950876426719
서울특별시 송파구 송파1동,5.44090712944093,0.8042902982952465,0.4162262998988775,0.1132075471698113,위험_균형진행형,서울특별시,송파구,송파1동,6.7746312748048645
서울특별시 송파구 송파2동,3.687633466038301,0.0,-0.6361102140182529,0.0,일반,서울특별시,송파구,송파2동,3.051523252020048
서울특별시 구로구 수궁동,3.0054390673279685,0.0,-0.6462289830216124,0.0,일반,서울특별시,구로구,수궁동,2.359210084306356
서울특별시 강남구 수서동,5.357798251799709,0.3647359851128169,0.4193320167599872,0.0,경계,서울특별시,강남구,수서동,6.141866253672513
서울특별시 강북구 수유1동,3.572753741235286,0.0,0.1497950003606243,0.0,일반,서울특별시,강북구,수유1동,3.72254874159591
서울특별시 강북구 수유2동,3.190406456862392,0.0,-0.1421159803269683,0.0,일반,서울특별시,강북구,수유2동,3.048290476535424
서울특별시 강북구 수유3동,4.559269513516961,0.0,0.1592360667296805,0.1132075471698113,경계,서울특별시,강북구,수유3동,4.831713127416453
서울특별시 종로구 숭인1동,3.741848021616273,0.450464758654824,1.5777731399070918,0.0,경계,서울특별시,종로구,숭인1동,5.770085920178189
서울특별시 종로구 숭인2동,4.160157119749672,0.0,0.4479789477758101,0.0,주의,서울특별시,종로구,숭인2동,4.608136067525482
서울특별시 금천구 시흥1동,3.682614405010204,0.0,0.2357125984528404,0.0,일반,서울특별시,금천구,시흥1동,3.9183270034630446
서울특별시 금천구 시흥3동,3.227419018972753,0.0,-0.5246324369158719,0.0,일반,서울특별시,금천구,시흥3동,2.702786582056881
서울특별시 금천구 시흥4동,3.3098901206579248,0.0,0.5776929398034443,0.0,일반,서울특별시,금천구,시흥4동,3.887583060461369
서울특별시 금천구 시흥5동,3.4864338684708907,0.8453033253198197,0.2011840792420847,0.2264150943396226,주의,서울특별시,금천구,시흥5동,4.759336367372417
서울특별시 영등포구 신길1동,4.007159470898,0.0,0.2915175048210128,0.0,주의,서울특별시,영등포구,신길1동,4.2986769757190135
서울특별시 영등포구 신길3동,3.481829024657628,0.0,0.1543771466314298,0.0,일반,서울특별시,영등포구,신길3동,3.6362061712890577
서울특별시 영등포구 신길4동,3.002987794087135,0.0,-0.6753587416534936,0.0,일반,서울특별시,영등포구,신길4동,2.3276290524336414
서울특별시 영등포구 신길5동,3.239953510749842,0.0,-0.1820073135456278,0.0,일반,서울특별시,영등포구,신길5동,3.057946197204214
서울특별시 영등포구 신길6동,3.3548832810039926,0.0,0.0334521799937187,0.0,일반,서울특별시,영등포구,신길6동,3.388335460997711
서울특별시 영등포구 신길7동,2.987710151873116,0.0,2.951423555878254,0.0,경계,서울특별시,영등포구,신길7동,5.93913370775137
서울특별시 중랑구 신내1동,3.7080244264783992,0.0,0.4880298080533847,0.0,주의,서울특별시,중랑구,신내1동,4.196054234531784
서울특별시 중랑구 신내2동,2.961868830003799,0.3392123746751673,2.9485355744768067,0.0,위험_젠트리피케이션과열형,서울특별시,중랑구,신내2동,6.249616779155772
서울특별시 중구 신당5동,4.401571292338057,0.0,0.7623597836810635,0.1393442622950819,경계,서울특별시,중구,신당5동,5.303275338314203
서울특별시 중구 신당동,4.276447500831366,9.416796688477206,1.8262584201514889,2.3425610887720385,위험_관심집중형,서울특별시,중구,신당동,17.8620636982321
서울특별시 동작구 신대방1동,3.7959495557115743,0.2279599906955106,0.1013733048035218,0.1132075471698113,주의,서울특별시,동작구,신대방1동,4.238490398380417
서울특별시 동작구 신대방2동,4.43066120782213,0.0,0.2984861388812923,0.0,주의,서울특별시,동작구,신대방2동,4.729147346703423
서울특별시 구로구 신도림동,3.614923999780299,0.0,4.143114041372058,0.0,위험_젠트리피케이션과열형,서울특별시,구로구,신도림동,7.758038041152357
서울특별시 관악구 신림동,5.9365450553341175,2.83956454634625,0.429775971318847,0.7315187132694092,위험_균형진행형,서울특별시,관악구,신림동,9.937404286268624
서울특별시 은평구 신사1동,4.346709076361543,0.0,0.3973073313830291,0.0,주의,서울특별시,은평구,신사1동,4.744016407744572
서울특별시 은평구 신사2동,4.130409644561722,0.0455919981391021,-0.8068211154281251,0.0,일반,서울특별시,은평구,신사2동,3.3691805272727
서울특별시 강남구 신사동,6.409799855725221,11.966443577780254,-0.1962381644602308,8.858929786575924,위험_관심집중형,서울특별시,강남구,신사동,27.03893505562117
서울특별시 마포구 신수동,4.258645008095202,0.1367759944173063,0.1459322531146694,0.0,주의,서울특별시,마포구,신수동,4.541353255627177
서울특별시 관악구 신원동,3.580180129968302,0.3036545703867913,-0.2781367049289673,0.0,일반,서울특별시,관악구,신원동,3.605697995426126
서울특별시 양천구 신월1동,3.209967485769497,0.0,-0.1619382442606675,0.0,일반,서울특별시,양천구,신월1동,3.048029241508829
서울특별시 양천구 신월2동,2.9357916840329383,0.0,-0.1928072159634837,0.0,일반,서울특별시,양천구,신월2동,2.7429844680694546
서울특별시 양천구 신월3동,3.4462025998404733,0.0,1.583701260801326,0.0,경계,서울특별시,양천구,신월3동,5.029903860641799
서울특별시 양천구 신월4동,3.17805664680498,0.0,2.071458982562657,0.0,경계,서울특별시,양천구,신월4동,5.249515629367637
서울특별시 양천구 신월5동,3.088618837210125,0.0,-0.4527248555438078,0.0,일반,서울특별시,양천구,신월5동,2.6358939816663174
서울특별시 양천구 신월6동,3.6082400470406095,1.9294770868075444,0.284535751596672,0.1393442622950819,경계,서울특별시,양천구,신월6동,5.961597147739908
서울특별시 양천구 신월7동,3.2799434527506985,0.0,-0.1587845892264722,0.0,일반,서울특별시,양천구,신월7동,3.1211588635242262
서울특별시 양천구 신정1동,3.1475011067391883,1.5547069078440012,-0.2428483198121834,0.5921744509743272,경계,서울특별시,양천구,신정1동,5.051534145745333
서울특별시 양천구 신정2동,2.9003120933606805,0.0,0.3736068535646401,0.0,일반,서울특별시,양천구,신정2동,3.2739189469253205
서울특별시 양천구 신정3동,3.158512432601295,0.0,3.4372225487965817,0.0,위험_젠트리피케이션과열형,서울특별시,양천구,신정3동,6.595734981397877
서울특별시 양천구 신정4동,3.994432195426141,0.0,0.4912709219407178,0.0,주의,서울특별시,양천구,신정4동,4.4857031173668585
서울특별시 서대문구 신촌동,5.730065233777538,0.4960567567939261,-0.2436049712538942,0.0,경계,서울특별시,서대문구,신촌동,5.98251701931757
서울특별시 도봉구 쌍문1동,3.2921172919805555,0.0,-0.0249080799470617,0.0,일반,서울특별시,도봉구,쌍문1동,3.2672092120334937
서울특별시 도봉구 쌍문2동,3.1749556183614733,0.0,-0.6983678104496212,0.0,일반,서울특별시,도봉구,쌍문2동,2.4765878079118524
서울특별시 도봉구 쌍문3동,3.704306827748452,0.0,0.2012476837741409,0.0,일반,서울특별시,도봉구,쌍문3동,3.9055545115225927
서울특별시 도봉구 쌍문4동,2.0621941554924668,0.0,-1.0570420226926802,0.0,일반,서울특별시,도봉구,쌍문4동,1.0051521327997863
서울특별시 마포구 아현동,4.984849327722641,0.9209979050111003,2.257680035302644,0.0,위험_젠트리피케이션과열형,서울특별시,마포구,아현동,8.163527268036384
서울특별시 성북구 안암동,5.451138659718562,0.4759883690924736,-0.1622004291595081,0.2264150943396226,경계,서울특별시,성북구,안암동,5.99134169399115
서울특별시 강동구 암사1동,3.5945751105034875,0.369314956227346,0.0650341161781551,0.2525518094648932,주의,서울특별시,강동구,암사1동,4.281475992373881
서울특별시 강동구 암사2동,4.348106234709051,0.0,0.3062847072280379,0.0,주의,서울특별시,강동구,암사2동,4.654390941937089
서울특별시 강남구 압구정동,8.100011160093473,2.38734728444809,-0.27449021871292,0.5051036189297865,위험_상권발달형,서울특별시,강남구,압구정동,10.717971844758427
서울특별시 중구 약수동,4.039943409397022,0.2379941845462367,-0.5517056867383141,0.0,일반,서울특별시,중구,약수동,3.726231907204944
서울특별시 서초구 양재1동,4.64554032839062,2.697333329192748,0.3915985920801726,0.5051036189297865,위험_균형진행형,서울특별시,서초구,양재1동,8.239575868593327
서울특별시 서초구 양재2동,4.330388735296642,0.0,0.3740345421480834,0.0,주의,서울특별시,서초구,양재2동,4.704423277444726
서울특별시 영등포구 양평1동,4.112462546690139,0.0,0.1461598529497988,0.0,주의,서울특별시,영등포구,양평1동,4.258622399639938
서울특별시 영등포구 양평2동,4.083690761494175,0.6629353327634111,0.1802158699592841,0.2264150943396226,경계,서울특별시,영등포구,양평2동,5.153257058556492
서울특별시 영등포구 여의동,7.269602526268286,0.4805673402070026,0.4491402472614604,0.1393442622950819,위험_상권발달형,서울특별시,영등포구,여의동,8.33865437603183
서울특별시 강남구 역삼1동,7.227303011727813,0.0,0.3214683718909442,0.0,위험_상권발달형,서울특별시,강남구,역삼1동,7.548771383618757
서울특별시 강남구 역삼2동,6.23468441422227,0.0,0.2647533471274087,0.0,위험_균형진행형,서울특별시,강남구,역삼2동,6.499437761349679
서울특별시 은평구 역촌동,3.411887969188487,0.3036545703867913,0.1926924167134135,0.0,일반,서울특별시,은평구,역촌동,3.908234956288692
서울특별시 마포구 연남동,5.748606721709053,11.989227714069427,0.0468418642394758,8.725159294772649,위험_관심집중형,서울특별시,마포구,연남동,26.509835594790605
서울특별시 서대문구 연희동,4.3837679229031,7.312159335092787,-0.0150550996592655,1.7765233529229816,위험_균형진행형,서울특별시,서대문구,연희동,13.457395511259604
서울특별시 마포구 염리동,4.368866028063135,0.4604989525055502,0.3529433050478123,0.1132075471698113,경계,서울특별시,마포구,염리동,5.295515832786309
서울특별시 영등포구 영등포동,6.032867738272608,0.7541193290416154,0.5723332273849854,0.0,위험_균형진행형,서울특별시,영등포구,영등포동,7.359320294699208
서울특별시 영등포구 영등포본동,4.529140300775458,0.0455919981391021,0.079370979799093,0.0,주의,서울특별시,영등포구,영등포본동,4.654103278713653
서울특별시 송파구 오금동,4.015701029274342,0.3747701789635432,1.0269542323386784,0.1132075471698113,경계,서울특별시,송파구,오금동,5.530632987746376
서울특별시 구로구 오류1동,4.172590595787325,0.0,0.2113656986368161,0.0,주의,서울특별시,구로구,오류1동,4.383956294424141
서울특별시 구로구 오류2동,3.228644867627428,0.9264531277472976,-0.473772261070415,0.2525518094648932,일반,서울특별시,구로구,오류2동,3.933877543769204
서울특별시 성동구 옥수동,3.315389744067888,0.4203621771026452,0.3591678013337652,0.4528301886792453,주의,서울특별시,성동구,옥수동,4.547749911183543
서울특별시 성동구 왕십리2동,3.606771962302537,0.0,-0.142316534402728,0.0,일반,서울특별시,성동구,왕십리2동,3.464455427899809
서울특별시 성동구 왕십리도선동,4.150356373339946,6.836170966000314,0.0539050519063106,1.071141354778843,위험_균형진행형,서울특별시,성동구,왕십리도선동,12.111573746025414
서울특별시 마포구 용강동,4.640977208251083,0.7486641063054182,-0.0249249050880354,0.2264150943396226,경계,서울특별시,마포구,용강동,5.591131503808089
서울특별시 성동구 용답동,4.718568877640978,0.2580625722476892,-0.0785133628604886,0.0,경계,서울특별시,성동구,용답동,4.898118087028179
서울특별시 용산구 용문동,4.587258882064551,0.5617171426344807,0.8408805115000226,0.1132075471698113,경계,서울특별시,용산구,용문동,6.103064083368865
서울특별시 용산구 용산2가동,4.976323799486752,0.0,1.0432334275652553,0.0,경계,서울특별시,용산구,용산2가동,6.019557227052007
서울특별시 동대문구 용신동,4.24531268868733,0.0911839962782042,0.1320415344236743,0.0,주의,서울특별시,동대문구,용신동,4.468538219389208
서울특별시 강북구 우이동,3.252622865693506,1.3978625257252422,0.5121647746544249,0.0,경계,서울특별시,강북구,우이동,5.162650166073173
서울특별시 강서구 우장산동,3.724915460107845,0.0,1.269610628827019,0.0,경계,서울특별시,강서구,우장산동,4.994526088934864
서울특별시 용산구 원효로1동,6.241742517924002,0.6273775284750351,0.2271096194563583,0.3396226415094339,위험_균형진행형,서울특별시,용산구,원효로1동,7.435852307364829
서울특별시 용산구 원효로2동,4.305743782118163,0.0,5.064219498119793,0.0,위험_젠트리피케이션과열형,서울특별시,용산구,원효로2동,9.369963280237956
서울특별시 노원구 월계1동,3.679473024202823,0.0,-0.5311995350883553,0.0,일반,서울특별시,노원구,월계1동,3.148273489114468
서울특별시 성북구 월곡1동,3.4846663388880783,0.0,0.0645733064200777,0.0,일반,서울특별시,성북구,월곡1동,3.549239645308156
서울특별시 성북구 월곡2동,4.143750883004056,0.2580625722476892,-0.0609627935873331,0.1132075471698113,주의,서울특별시,성북구,월곡2동,4.454058208834224
서울특별시 관악구 은천동,3.7617001812484014,0.0556261919898283,-0.3783243829389545,0.0,일반,서울특별시,관악구,은천동,3.4390019902992752
서울특별시 중구 을지로동,6.934934506955653,0.2835861826853389,-0.2484199578256571,0.0,위험_상권발달형,서울특별시,중구,을지로동,6.970100731815334
서울특별시 은평구 응암1동,3.8478149823354113,0.0,0.2854573793470999,0.0,주의,서울특별시,은평구,응암1동,4.133272361682511
서울특별시 은평구 응암2동,3.429283937711325,0.0,2.082927616648883,0.0,경계,서울특별시,은평구,응암2동,5.512211554360208
서울특별시 은평구 응암3동,3.892116410462681,0.2580625722476892,0.1789701569649559,0.0,주의,서울특별시,은평구,응암3동,4.329149139675326
서울특별시 동대문구 이문1동,5.450521784971518,0.0,-0.0909755724209361,0.0,경계,서울특별시,동대문구,이문1동,5.359546212550582
서울특별시 용산구 이촌1동,4.1251872839170565,1.270244473536994,1.0670893120220577,0.3396226415094339,위험_균형진행형,서울특별시,용산구,이촌1동,6.802143710985543
서울특별시 용산구 이촌2동,4.670616060412881,0.0,-0.4941380106737509,0.0,주의,서울특별시,용산구,이촌2동,4.17647804973913
서울특별시 용산구 이태원1동,7.115197694974542,12.745743925131087,-0.2724808217761605,8.858929786575924,위험_관심집중형,서울특별시,용산구,이태원1동,28.447390584905392
서울특별시 용산구 이태원2동,5.1923826666286645,0.0,0.3034242637142334,0.0,경계,서울특별시,용산구,이태원2동,5.495806930342898
서울특별시 종로구 이화동,4.3312656559971465,0.0455919981391021,-0.3160353473541394,0.2264150943396226,주의,서울특별시,종로구,이화동,4.287237401121732
서울특별시 강북구 인수동,3.1817572208402334,0.0455919981391021,0.0535506009549908,0.0,일반,서울특별시,강북구,인수동,3.280899819934326
서울특별시 관악구 인헌동,4.403594099736253,0.0556261919898283,-0.2341655007491039,0.0,주의,서울특별시,관악구,인헌동,4.225054790976978
서울특별시 강남구 일원1동,4.577208503067064,0.4659541752417474,0.9540800814171788,0.1132075471698113,경계,서울특별시,강남구,일원1동,6.110450306895801
서울특별시 광진구 자양1동,4.322231930600435,0.0,0.0310421135758511,0.0,주의,서울특별시,광진구,자양1동,4.353274044176287
서울특별시 광진구 자양2동,3.80787249730109,0.0,0.18299986061614,0.0,주의,서울특별시,광진구,자양2동,3.9908723579172296
서울특별시 광진구 자양4동,4.4609562917677,0.0,0.2752326951052405,0.0,주의,서울특별시,광진구,자양4동,4.736188986872941
서울특별시 송파구 잠실4동,4.736173853632937,1.386952080252848,2.5995638787276323,0.5051036189297865,위험_젠트리피케이션과열형,서울특별시,송파구,잠실4동,9.227793431543205
서울특별시 송파구 잠실6동,12.362127748695151,0.0,0.752267111330745,0.0,위험_상권발달형,서울특별시,송파구,잠실6동,13.114394860025897
서울특별시 송파구 잠실본동,5.785953973077185,0.2781309599491418,0.1146608249193426,0.0,경계,서울특별시,송파구,잠실본동,6.178745757945669
서울특별시 서초구 잠원동,6.871026725828013,2.6052730812928746,0.2463751004704888,0.8185895453139498,위험_상권발달형,서울특별시,서초구,잠원동,10.541264452905326
서울특별시 동대문구 장안1동,4.023473879216671,1.4225098845412238,0.2893027296598666,1.1756882152799255,위험_균형진행형,서울특별시,동대문구,장안1동,6.910974708697688
서울특별시 동대문구 장안2동,3.9204950672219936,0.0,0.4460606990026967,0.0,주의,서울특별시,동대문구,장안2동,4.36655576622469
서울특별시 성북구 장위1동,3.2229903434100144,0.0,-0.228600564940061,0.0,일반,서울특별시,성북구,장위1동,2.9943897784699534
서울특별시 성북구 장위2동,3.534200013710591,0.0,0.3303281156907656,0.0,일반,서울특별시,성북구,장위2동,3.8645281294013567
서울특별시 송파구 장지동,3.4618615716437744,0.4559199813910212,0.4434807856880717,0.3918960717599752,주의,서울특별시,송파구,장지동,4.753158410482842
서울특별시 중구 장충동,4.870769116733955,3.006443122315736,-0.2518553676954435,0.3918960717599752,위험_균형진행형,서울특별시,중구,장충동,8.017252943114222
서울특별시 동대문구 전농1동,3.974119547178536,0.0,-0.2322838531839858,0.0,일반,서울특별시,동대문구,전농1동,3.7418356939945503
서울특별시 동대문구 전농2동,3.547729279869268,1.1188553141544324,2.863369496043142,0.2264150943396226,위험_젠트리피케이션과열형,서울특별시,동대문구,전농2동,7.7563691844064655
서울특별시 성북구 정릉1동,2.886671608550296,0.0,0.1391384289073565,0.0,일반,서울특별시,성북구,정릉1동,3.025810037457653
서울특별시 성북구 정릉2동,3.404401295964696,0.5316145610823019,6.452377894814126,0.0,위험_젠트리피케이션과열형,서울특별시,성북구,정릉2동,10.388393751861123
서울특별시 성북구 정릉3동,4.140671650316167,0.0,2.36602352494606,0.0,위험_젠트리피케이션과열형,서울특별시,성북구,정릉3동,6.506695175262228
서울특별시 성북구 정릉4동,3.317105543600162,0.0,2.1197033486981987,0.0,경계,서울특별시,성북구,정릉4동,5.436808892298361
서울특별시 동대문구 제기동,5.422578182250655,2.161139796995916,-0.0208798679861977,0.4789669038045158,위험_균형진행형,서울특별시,동대문구,제기동,8.04180501506489
서울특별시 관악구 조원동,4.553592011544518,0.0911839962782042,0.2348742131010016,0.0,경계,서울특별시,관악구,조원동,4.879650220923724
서울특별시 성북구 종암동,3.665896047091925,0.3492465685258934,0.35168327833796,0.0,주의,서울특별시,성북구,종암동,4.366825893955779
서울특별시 노원구 중계4동,3.5915335459985367,0.0,0.4413914658526022,0.0,주의,서울특별시,노원구,중계4동,4.032925011851139
서울특별시 노원구 중계본동,2.52980962441126,0.2024363802578609,0.0713387552671948,0.0,일반,서울특별시,노원구,중계본동,2.8035847599363155
서울특별시 광진구 중곡1동,4.150479599377205,0.0,1.0318192517299802,0.0,경계,서울특별시,광진구,중곡1동,5.182298851107185
서울특별시 광진구 중곡2동,4.199641108016492,0.9620109320356736,0.0326336436100354,0.0,경계,서울특별시,광진구,중곡2동,5.194285683662201
서울특별시 광진구 중곡3동,3.7587234463229087,0.0,0.190556066719376,0.0,일반,서울특별시,광진구,중곡3동,3.949279513042285
서울특별시 광진구 중곡4동,3.4786803292015,0.0,0.2928497495032864,0.0,일반,서울특별시,광진구,중곡4동,3.7715300787047865
서울특별시 중구 중림동,4.957774034856252,1.5693200728092562,0.5273343258648224,0.0,위험_균형진행형,서울특별시,중구,중림동,7.054428433530331
서울특별시 관악구 중앙동,4.725298401384867,1.6705382629381869,0.5804819593922601,0.7837921435199505,위험_균형진행형,서울특별시,관악구,중앙동,7.760110767235266
서울특별시 중랑구 중화1동,3.396797265116062,0.9611346804140056,0.7771227787431324,0.1132075471698113,경계,서울특별시,중랑구,중화1동,5.248262271443011
서울특별시 중랑구 중화2동,3.6848290440532616,0.0,0.7595683860048181,0.0,주의,서울특별시,중랑구,중화2동,4.44439743005808
서울특별시 은평구 증산동,3.296813479454587,0.1823679925564084,0.1431355998405054,0.0,일반,서울특별시,은평구,증산동,3.622317071851501
서울특별시 은평구 진관동,2.696530128453886,0.329178180824441,-0.307501486694461,0.2264150943396226,일반,서울특별시,은평구,진관동,2.9446219169234884
서울특별시 도봉구 창1동,4.22718689574903,0.0,0.1985820526503138,0.0,주의,서울특별시,도봉구,창1동,4.425768948399344
서울특별시 도봉구 창2동,3.2673613321089703,0.0,0.0656439695829726,0.0,일반,서울특별시,도봉구,창2동,3.333005301691943
서울특별시 도봉구 창3동,3.3870801253202805,5.426521743181009,0.3120148652997231,4.389112279616455,위험_관심집중형,서울특별시,도봉구,창3동,13.514729013417467
서울특별시 도봉구 창4동,3.689126196940268,0.0,-0.7304521161611244,0.0,일반,서울특별시,도봉구,창4동,2.958674080779144
서울특별시 도봉구 창5동,3.971430004127245,0.0,0.7047681407550795,0.0,주의,서울특별시,도봉구,창5동,4.676198144882324
서울특별시 종로구 창신1동,4.26714175246861,0.0,0.1200688336795723,0.0,주의,서울특별시,종로구,창신1동,4.387210586148182
서울특별시 종로구 창신2동,4.173075364385348,0.0,0.7775186273509378,0.0,경계,서울특별시,종로구,창신2동,4.9505939917362864
서울특별시 서대문구 천연동,3.874889969144891,0.1468101882680325,3.086762794549606,0.0,위험_젠트리피케이션과열형,서울특별시,서대문구,천연동,7.1084629519625295
서울특별시 강동구 천호1동,4.1550038661328985,2.3991339815421524,0.0797586463361487,1.2452830188679245,위험_균형진행형,서울특별시,강동구,천호1동,7.879179512879125
서울특별시 강동구 천호2동,4.674958879338268,0.0,0.0823255840406041,0.0,주의,서울특별시,강동구,천호2동,4.7572844633788725
서울특별시 강동구 천호3동,4.159512776731237,0.0,0.093897638233714,0.0,주의,서울특별시,강동구,천호3동,4.253410414964951
서울특별시 중구 청구동,4.52497643291555,0.0,0.4979885269784928,0.0,경계,서울특별시,중구,청구동,5.022964959894043
서울특별시 강남구 청담동,8.157778387125495,8.253423340811528,0.373209317054946,4.397772966285185,위험_관심집중형,서울특별시,강남구,청담동,21.182184011277155
서울특별시 관악구 청룡동,5.677975799696906,0.0,-0.2176563731796795,0.0,경계,서울특별시,관악구,청룡동,5.460319426517226
서울특별시 종로구 청운효자동,4.887985832225999,0.1012181901289304,0.3087493696969148,0.0,경계,서울특별시,종로구,청운효자동,5.297953392051844
서울특별시 용산구 청파동,5.142090670718369,0.7896771333299912,0.4735120831498884,0.1132075471698113,위험_균형진행형,서울특별시,용산구,청파동,6.51848743436806
서울특별시 서대문구 충현동,4.205890388969073,0.1468101882680325,0.5387666632953858,0.0,경계,서울특별시,서대문구,충현동,4.891467240532491
서울특별시 종로구 평창동,3.0759719643303898,0.8197797148821699,0.5919789226340288,0.0,주의,서울특별시,종로구,평창동,4.487730601846589
서울특별시 송파구 풍납1동,3.7184325468918127,0.5416487549330282,-0.0823233049888847,0.0,주의,서울특별시,송파구,풍납1동,4.177757996835957
서울특별시 중구 필동,5.136369197916521,1.6450146525005374,0.004604596643906,0.0,위험_균형진행형,서울특별시,중구,필동,6.785988447060964
서울특별시 노원구 하계1동,3.170930192716657,0.0,-0.3054203815966965,0.0,일반,서울특별시,노원구,하계1동,2.865509811119961
서울특별시 용산구 한강로동,6.991557714634718,0.8143244921459728,0.4019275307584353,0.0,위험_상권발달형,서울특별시,용산구,한강로동,8.207809737539126
서울특별시 용산구 한남동,5.677154517976514,12.745743925131087,0.0727177614064757,4.389112279616455,위험_관심집중형,서울특별시,용산구,한남동,22.88472848413053
서울특별시 마포구 합정동,5.229918865569797,3.112240283559196,1.0754426845145115,0.6444478812248685,위험_균형진행형,서울특별시,마포구,합정동,10.062049714868373
서울특별시 성동구 행당1동,4.960460574609234,0.5416487549330282,0.2381366236257627,0.4528301886792453,경계,서울특별시,성동구,행당1동,6.19307614184727
서울특별시 관악구 행운동,4.097857594763244,0.5316145610823019,0.118500958368191,0.0,주의,서울특별시,관악구,행운동,4.747973114213737
서울특별시 종로구 혜화동,5.969956339281546,1.2602102796862678,-0.0471288244112027,0.2264150943396226,위험_균형진행형,서울특별시,종로구,혜화동,7.409452888896234
서울특별시 서대문구 홍은1동,3.3330706661929264,1.0121819012893047,0.5624391791002379,0.1393442622950819,경계,서울특별시,서대문구,홍은1동,5.047036008877551
서울특별시 서대문구 홍은2동,3.491002615120884,0.0,-0.7872883794417338,0.0,일반,서울특별시,서대문구,홍은2동,2.70371423567915
서울특별시 서대문구 홍제1동,3.877752419672001,0.0,0.6114582678173982,0.0,주의,서울특별시,서대문구,홍제1동,4.489210687489399
서울특별시 서대문구 홍제3동,3.50443256930946,0.8708269357574694,0.8643808497593733,0.2264150943396226,경계,서울특별시,서대문구,홍제3동,5.466055449165926
서울특별시 강서구 화곡1동,4.355007634247846,0.0,0.0110165055228418,0.0,주의,서울특별시,강서구,화곡1동,4.366024139770688
서울특별시 강서구 화곡2동,3.3022019512043577,0.0,-0.005960206084296,0.0,일반,서울특별시,강서구,화곡2동,3.296241745120062
서울특별시 강서구 화곡3동,3.516383355482183,0.0,0.2499682141282627,0.0,일반,서울특별시,강서구,화곡3동,3.7663515696104457
서울특별시 강서구 화곡4동,3.712228756810872,0.0,0.1007602190280029,0.0,일반,서울특별시,강서구,화곡4동,3.812988975838875
서울특별시 강서구 화곡6동,4.333364749672006,0.0,-0.2767044181071074,0.0,주의,서울특별시,강서구,화곡6동,4.056660331564898
서울특별시 강서구 화곡8동,3.9869996765247806,1.6450146525005374,0.4897426711872752,0.6183111660995978,위험_균형진행형,서울특별시,강서구,화곡8동,6.740068166312191
서울특별시 강서구 화곡본동,3.9624303616304335,0.0556261919898283,-0.0297489957240551,0.0,주의,서울특별시,강서구,화곡본동,3.9883075578962064
서울특별시 광진구 화양동,7.137437997005589,0.9975687363240496,-0.2263110276654689,0.4528301886792453,위험_상권발달형,서울특별시,광진구,화양동,8.361525894343416
서울특별시 중구 황학동,5.211875506366447,3.262753191320088,1.6612352441984406,1.45437673987009,위험_균형진행형,서울특별시,중구,황학동,11.590240681755065
서울특별시 동대문구 회기동,5.44352555257839,0.4149069543664481,-0.1070212353933586,0.0,경계,서울특별시,동대문구,회기동,5.75141127155148
서울특별시 중구 회현동,7.272822503858363,0.7942561044445202,0.4673154486113088,0.2525518094648932,위험_상권발달형,서울특별시,중구,회현동,8.786945866379085
서울특별시 용산구 효창동,3.6985773308796888,0.1823679925564084,-0.7327982227238938,0.1132075471698113,일반,서울특별시,용산구,효창동,3.2613546478820146
서울특별시 용산구 후암동,3.985436792917288,2.481160035591299,-0.0349265862403967,1.5239715434580885,위험_균형진행형,서울특별시,용산구,후암동,7.955641785726279
서울특별시 동대문구 휘경1동,4.666715076829765,0.0,0.0163075916826578,0.0,주의,서울특별시,동대문구,휘경1동,4.683022668512423
서울특별시 동대문구 휘경2동,4.2005140000421415,1.2000051165819103,0.2666889346800423,0.3396226415094339,경계,서울특별시,동대문구,휘경2동,6.006830692813528
서울특별시 동작구 흑석동,4.961767412828608,0.8708269357574694,0.8220918989365072,0.3918960717599752,위험_균형진행형,서울특별시,동작구,흑석동,7.046582319282559
